Model,Member,Scenario,GWL2,GWL3
ACCESS-CM2,r1i1p1f1,ssp245,2025-2044,2052-2071
ACCESS-CM2,r1i1p1f1,ssp370,2024-2043,2049-2068
ACCESS-CM2,r1i1p1f1,ssp585,2024-2043,2043-2062
ACCESS-ESM1-5,r10i1p1f1,ssp245,2029-2048,2069-2088
ACCESS-ESM1-5,r10i1p1f1,ssp370,2031-2050,2053-2072
ACCESS-ESM1-5,r10i1p1f1,ssp585,2024-2043,2046-2065
ACCESS-ESM1-5,r11i1p1f1,ssp245,2035-2054,2080-2099
ACCESS-ESM1-5,r11i1p1f1,ssp370,2033-2052,2058-2077
ACCESS-ESM1-5,r11i1p1f1,ssp585,2030-2049,2050-2069
ACCESS-ESM1-5,r12i1p1f1,ssp245,2031-2050,2070-2089
ACCESS-ESM1-5,r12i1p1f1,ssp370,2030-2049,2053-2072
ACCESS-ESM1-5,r12i1p1f1,ssp585,2028-2047,2046-2065
ACCESS-ESM1-5,r13i1p1f1,ssp245,2029-2048,2073-2092
ACCESS-ESM1-5,r13i1p1f1,ssp370,2031-2050,2053-2072
ACCESS-ESM1-5,r13i1p1f1,ssp585,2027-2046,2047-2066
ACCESS-ESM1-5,r14i1p1f1,ssp245,2029-2048,2067-2086
ACCESS-ESM1-5,r14i1p1f1,ssp370,2030-2049,2055-2074
ACCESS-ESM1-5,r14i1p1f1,ssp585,2024-2043,2048-2067
ACCESS-ESM1-5,r15i1p1f1,ssp245,2035-2054,2075-2094
ACCESS-ESM1-5,r15i1p1f1,ssp370,2035-2054,2059-2078
ACCESS-ESM1-5,r15i1p1f1,ssp585,2030-2049,2050-2069
ACCESS-ESM1-5,r16i1p1f1,ssp245,2031-2050,2069-2088
ACCESS-ESM1-5,r16i1p1f1,ssp370,2029-2048,2057-2076
ACCESS-ESM1-5,r16i1p1f1,ssp585,2026-2045,2046-2065
ACCESS-ESM1-5,r17i1p1f1,ssp245,2030-2049,2067-2086
ACCESS-ESM1-5,r17i1p1f1,ssp370,2031-2050,2055-2074
ACCESS-ESM1-5,r17i1p1f1,ssp585,2025-2044,2047-2066
ACCESS-ESM1-5,r18i1p1f1,ssp245,2033-2052,2080-2099
ACCESS-ESM1-5,r18i1p1f1,ssp370,2036-2055,2056-2075
ACCESS-ESM1-5,r18i1p1f1,ssp585,2029-2048,2048-2067
ACCESS-ESM1-5,r19i1p1f1,ssp245,2041-2060,2080-2099
ACCESS-ESM1-5,r19i1p1f1,ssp370,2034-2053,2059-2078
ACCESS-ESM1-5,r19i1p1f1,ssp585,2028-2047,2052-2071
ACCESS-ESM1-5,r1i1p1f1,ssp245,2034-2053,2078-2097
ACCESS-ESM1-5,r1i1p1f1,ssp370,2039-2058,2059-2078
ACCESS-ESM1-5,r1i1p1f1,ssp585,2029-2048,2050-2069
ACCESS-ESM1-5,r20i1p1f1,ssp245,2034-2053,2075-2094
ACCESS-ESM1-5,r20i1p1f1,ssp370,2035-2054,2058-2077
ACCESS-ESM1-5,r20i1p1f1,ssp585,2030-2049,2050-2069
ACCESS-ESM1-5,r21i1p1f1,ssp245,2036-2055,2074-2093
ACCESS-ESM1-5,r21i1p1f1,ssp370,2031-2050,2056-2075
ACCESS-ESM1-5,r21i1p1f1,ssp585,2026-2045,2049-2068
ACCESS-ESM1-5,r22i1p1f1,ssp245,2028-2047,2069-2088
ACCESS-ESM1-5,r22i1p1f1,ssp370,2030-2049,2056-2075
ACCESS-ESM1-5,r22i1p1f1,ssp585,2026-2045,2047-2066
ACCESS-ESM1-5,r23i1p1f1,ssp245,2029-2048,2066-2085
ACCESS-ESM1-5,r23i1p1f1,ssp370,2028-2047,2053-2072
ACCESS-ESM1-5,r23i1p1f1,ssp585,2025-2044,2044-2063
ACCESS-ESM1-5,r24i1p1f1,ssp245,2029-2048,2074-2093
ACCESS-ESM1-5,r24i1p1f1,ssp370,2030-2049,2056-2075
ACCESS-ESM1-5,r24i1p1f1,ssp585,2026-2045,2050-2069
ACCESS-ESM1-5,r25i1p1f1,ssp245,2031-2050,2075-2094
ACCESS-ESM1-5,r25i1p1f1,ssp370,2029-2048,2053-2072
ACCESS-ESM1-5,r25i1p1f1,ssp585,2027-2046,2047-2066
ACCESS-ESM1-5,r26i1p1f1,ssp245,2032-2051,2075-2094
ACCESS-ESM1-5,r26i1p1f1,ssp370,2030-2049,2056-2075
ACCESS-ESM1-5,r26i1p1f1,ssp585,2026-2045,2048-2067
ACCESS-ESM1-5,r27i1p1f1,ssp245,2031-2050,2071-2090
ACCESS-ESM1-5,r27i1p1f1,ssp370,2031-2050,2054-2073
ACCESS-ESM1-5,r27i1p1f1,ssp585,2028-2047,2047-2066
ACCESS-ESM1-5,r28i1p1f1,ssp245,2030-2049,2069-2088
ACCESS-ESM1-5,r28i1p1f1,ssp370,2030-2049,2056-2075
ACCESS-ESM1-5,r28i1p1f1,ssp585,2027-2046,2047-2066
ACCESS-ESM1-5,r29i1p1f1,ssp245,2029-2048,2070-2089
ACCESS-ESM1-5,r29i1p1f1,ssp370,2031-2050,2056-2075
ACCESS-ESM1-5,r29i1p1f1,ssp585,2027-2046,2048-2067
ACCESS-ESM1-5,r2i1p1f1,ssp245,2032-2051,2071-2090
ACCESS-ESM1-5,r2i1p1f1,ssp370,2030-2049,2053-2072
ACCESS-ESM1-5,r2i1p1f1,ssp585,2026-2045,2047-2066
ACCESS-ESM1-5,r30i1p1f1,ssp245,2029-2048,2066-2085
ACCESS-ESM1-5,r30i1p1f1,ssp370,2029-2048,2054-2073
ACCESS-ESM1-5,r30i1p1f1,ssp585,2025-2044,2047-2066
ACCESS-ESM1-5,r31i1p1f1,ssp245,2033-2052,2077-2096
ACCESS-ESM1-5,r31i1p1f1,ssp370,2032-2051,2058-2077
ACCESS-ESM1-5,r31i1p1f1,ssp585,2028-2047,2050-2069
ACCESS-ESM1-5,r32i1p1f1,ssp245,2030-2049,2065-2084
ACCESS-ESM1-5,r32i1p1f1,ssp370,2027-2046,2052-2071
ACCESS-ESM1-5,r32i1p1f1,ssp585,2024-2043,2045-2064
ACCESS-ESM1-5,r33i1p1f1,ssp245,2033-2052,2066-2085
ACCESS-ESM1-5,r33i1p1f1,ssp370,2028-2047,2054-2073
ACCESS-ESM1-5,r33i1p1f1,ssp585,2025-2044,2047-2066
ACCESS-ESM1-5,r34i1p1f1,ssp245,2030-2049,2072-2091
ACCESS-ESM1-5,r34i1p1f1,ssp370,2030-2049,2055-2074
ACCESS-ESM1-5,r34i1p1f1,ssp585,2026-2045,2046-2065
ACCESS-ESM1-5,r35i1p1f1,ssp245,2031-2050,2072-2091
ACCESS-ESM1-5,r35i1p1f1,ssp370,2032-2051,2057-2076
ACCESS-ESM1-5,r35i1p1f1,ssp585,2029-2048,2050-2069
ACCESS-ESM1-5,r36i1p1f1,ssp245,2029-2048,2065-2084
ACCESS-ESM1-5,r36i1p1f1,ssp370,2028-2047,2052-2071
ACCESS-ESM1-5,r36i1p1f1,ssp585,2026-2045,2045-2064
ACCESS-ESM1-5,r37i1p1f1,ssp245,2026-2045,2071-2090
ACCESS-ESM1-5,r37i1p1f1,ssp370,2028-2047,2052-2071
ACCESS-ESM1-5,r37i1p1f1,ssp585,2024-2043,2048-2067
ACCESS-ESM1-5,r38i1p1f1,ssp245,2033-2052,2075-2094
ACCESS-ESM1-5,r38i1p1f1,ssp370,2033-2052,2058-2077
ACCESS-ESM1-5,r38i1p1f1,ssp585,2030-2049,2049-2068
ACCESS-ESM1-5,r39i1p1f1,ssp245,2029-2048,2066-2085
ACCESS-ESM1-5,r39i1p1f1,ssp370,2031-2050,2055-2074
ACCESS-ESM1-5,r39i1p1f1,ssp585,2026-2045,2046-2065
ACCESS-ESM1-5,r3i1p1f1,ssp245,2032-2051,2073-2092
ACCESS-ESM1-5,r3i1p1f1,ssp370,2031-2050,2054-2073
ACCESS-ESM1-5,r3i1p1f1,ssp585,2027-2046,2047-2066
ACCESS-ESM1-5,r40i1p1f1,ssp245,2032-2051,2072-2091
ACCESS-ESM1-5,r40i1p1f1,ssp370,2031-2050,2055-2074
ACCESS-ESM1-5,r40i1p1f1,ssp585,2029-2048,2048-2067
ACCESS-ESM1-5,r4i1p1f1,ssp245,2035-2054,2074-2093
ACCESS-ESM1-5,r4i1p1f1,ssp370,2036-2055,2057-2076
ACCESS-ESM1-5,r4i1p1f1,ssp585,2030-2049,2051-2070
ACCESS-ESM1-5,r5i1p1f1,ssp245,2030-2049,2070-2089
ACCESS-ESM1-5,r5i1p1f1,ssp370,2030-2049,2054-2073
ACCESS-ESM1-5,r5i1p1f1,ssp585,2023-2042,2046-2065
ACCESS-ESM1-5,r6i1p1f1,ssp245,2028-2047,2067-2086
ACCESS-ESM1-5,r6i1p1f1,ssp370,2029-2048,2055-2074
ACCESS-ESM1-5,r6i1p1f1,ssp585,2024-2043,2048-2067
ACCESS-ESM1-5,r7i1p1f1,ssp245,2028-2047,2066-2085
ACCESS-ESM1-5,r7i1p1f1,ssp370,2029-2048,2053-2072
ACCESS-ESM1-5,r7i1p1f1,ssp585,2024-2043,2046-2065
ACCESS-ESM1-5,r8i1p1f1,ssp245,2031-2050,2070-2089
ACCESS-ESM1-5,r8i1p1f1,ssp370,2033-2052,2054-2073
ACCESS-ESM1-5,r8i1p1f1,ssp585,2027-2046,2048-2067
ACCESS-ESM1-5,r9i1p1f1,ssp245,2032-2051,2066-2085
ACCESS-ESM1-5,r9i1p1f1,ssp370,2030-2049,2054-2073
ACCESS-ESM1-5,r9i1p1f1,ssp585,2025-2044,2047-2066
AWI-CM-1-1-MR,r1i1p1f1,ssp370,2035-2054,2061-2080
AWI-CM-1-1-MR,r1i1p1f1,ssp585,2035-2054,2055-2074
AWI-CM-1-1-MR,r2i1p1f1,ssp370,2032-2051,2060-2079
AWI-CM-1-1-MR,r3i1p1f1,ssp370,2032-2051,2060-2079
AWI-CM-1-1-MR,r4i1p1f1,ssp370,2034-2053,2062-2081
AWI-CM-1-1-MR,r5i1p1f1,ssp370,2034-2053,2063-2082
BCC-CSM2-MR,r1i1p1f1,ssp370,2032-2051,2059-2078
BCC-CSM2-MR,r1i1p1f1,ssp585,2030-2049,2052-2071
CAMS-CSM1-0,r1i1p1f1,ssp585,2044-2063,2073-2092
CAMS-CSM1-0,r2i1p1f1,ssp585,2046-2065,2073-2092
CESM2-FV2,r1i2p2f1,ssp370,2029-2048,2058-2077
CESM2-FV2,r1i2p2f1,ssp585,2028-2047,2051-2070
CESM2-WACCM,r1i1p1f1,ssp245,2032-2051,2069-2088
CESM2-WACCM,r1i1p1f1,ssp370,2034-2053,2056-2075
CESM2-WACCM,r2i1p1f1,ssp245,2038-2057,2073-2092
CESM2-WACCM,r2i1p1f1,ssp585,2026-2045,2047-2066
CESM2-WACCM,r3i1p1f1,ssp245,2035-2054,2075-2094
CESM2-WACCM,r3i1p1f1,ssp585,2030-2049,2049-2068
CIESM,r1i1p1f1,ssp585,2029-2048,2045-2064
CMCC-CM2-SR5,r1i1p1f1,ssp370,2035-2054,2061-2080
CMCC-CM2-SR5,r1i1p1f1,ssp585,2029-2048,2047-2066
CMCC-ESM2,r1i1p1f1,ssp245,2035-2054,2063-2082
CMCC-ESM2,r1i1p1f1,ssp370,2036-2055,2059-2078
CMCC-ESM2,r1i1p1f1,ssp585,2033-2052,2049-2068
CNRM-CM6-1-HR,r1i1p1f2,ssp245,2030-2049,2059-2078
CNRM-CM6-1-HR,r1i1p1f2,ssp370,2028-2047,2052-2071
CNRM-CM6-1,r1i1p1f2,ssp245,2038-2057,2074-2093
CNRM-CM6-1,r1i1p1f2,ssp370,2036-2055,2057-2076
CNRM-CM6-1,r1i1p1f2,ssp585,2031-2050,2049-2068
CNRM-CM6-1,r2i1p1f2,ssp245,2033-2052,2064-2083
CNRM-CM6-1,r2i1p1f2,ssp370,2032-2051,2055-2074
CNRM-CM6-1,r2i1p1f2,ssp585,2029-2048,2047-2066
CNRM-CM6-1,r3i1p1f2,ssp245,2036-2055,2071-2090
CNRM-CM6-1,r3i1p1f2,ssp370,2035-2054,2056-2075
CNRM-CM6-1,r3i1p1f2,ssp585,2028-2047,2048-2067
CNRM-CM6-1,r4i1p1f2,ssp245,2037-2056,2070-2089
CNRM-CM6-1,r4i1p1f2,ssp370,2036-2055,2057-2076
CNRM-CM6-1,r4i1p1f2,ssp585,2029-2048,2048-2067
CNRM-CM6-1,r5i1p1f2,ssp245,2039-2058,2070-2089
CNRM-CM6-1,r5i1p1f2,ssp370,2035-2054,2059-2078
CNRM-CM6-1,r5i1p1f2,ssp585,2030-2049,2048-2067
CNRM-CM6-1,r6i1p1f2,ssp245,2034-2053,2071-2090
CNRM-CM6-1,r6i1p1f2,ssp370,2033-2052,2057-2076
CNRM-CM6-1,r6i1p1f2,ssp585,2028-2047,2048-2067
CNRM-ESM2-1,r1i1p1f2,ssp245,2041-2060,2074-2093
CNRM-ESM2-1,r1i1p1f2,ssp370,2038-2057,2060-2079
CNRM-ESM2-1,r1i1p1f2,ssp585,2032-2051,2052-2071
CNRM-ESM2-1,r2i1p1f2,ssp245,2041-2060,2072-2091
CNRM-ESM2-1,r2i1p1f2,ssp370,2037-2056,2057-2076
CNRM-ESM2-1,r2i1p1f2,ssp585,2033-2052,2051-2070
CNRM-ESM2-1,r3i1p1f2,ssp245,2032-2051,2056-2075
CNRM-ESM2-1,r3i1p1f2,ssp370,2031-2050,2052-2071
CNRM-ESM2-1,r3i1p1f2,ssp585,2027-2046,2047-2066
CNRM-ESM2-1,r4i1p1f2,ssp245,2026-2045,2059-2078
CNRM-ESM2-1,r4i1p1f2,ssp370,2028-2047,2054-2073
CNRM-ESM2-1,r4i1p1f2,ssp585,2024-2043,2043-2062
CNRM-ESM2-1,r5i1p1f2,ssp245,2032-2051,2069-2088
CNRM-ESM2-1,r5i1p1f2,ssp370,2033-2052,2054-2073
CNRM-ESM2-1,r5i1p1f2,ssp585,2029-2048,2049-2068
CanESM5-1,r10i1p1f1,ssp585,2019-2038,2036-2055
CanESM5-1,r10i1p2f1,ssp585,2025-2044,2043-2062
CanESM5-1,r1i1p1f1,ssp585,2021-2040,2036-2055
CanESM5-1,r1i1p2f1,ssp585,2024-2043,2043-2062
CanESM5-1,r2i1p1f1,ssp585,2019-2038,2036-2055
CanESM5-1,r2i1p2f1,ssp585,2023-2042,2043-2062
CanESM5-1,r3i1p1f1,ssp585,2020-2039,2037-2056
CanESM5-1,r3i1p2f1,ssp585,2023-2042,2043-2062
CanESM5-1,r4i1p1f1,ssp585,2021-2040,2038-2057
CanESM5-1,r4i1p2f1,ssp585,2023-2042,2045-2064
CanESM5-1,r5i1p1f1,ssp585,2018-2037,2037-2056
CanESM5-1,r5i1p2f1,ssp585,2027-2046,2046-2065
CanESM5-1,r6i1p1f1,ssp585,2020-2039,2036-2055
CanESM5-1,r6i1p2f1,ssp585,2021-2040,2043-2062
CanESM5-1,r7i1p1f1,ssp585,2021-2040,2039-2058
CanESM5-1,r7i1p2f1,ssp585,2023-2042,2044-2063
CanESM5-1,r8i1p1f1,ssp585,2019-2038,2036-2055
CanESM5-1,r8i1p2f1,ssp585,2027-2046,2045-2064
CanESM5-1,r9i1p1f1,ssp585,2019-2038,2036-2055
CanESM5-1,r9i1p2f1,ssp585,2023-2042,2041-2060
CanESM5-CanOE,r1i1p2f1,ssp245,2022-2041,2048-2067
CanESM5-CanOE,r1i1p2f1,ssp370,2018-2037,2039-2058
CanESM5-CanOE,r1i1p2f1,ssp585,2019-2038,2036-2055
CanESM5-CanOE,r2i1p2f1,ssp245,2021-2040,2045-2064
CanESM5-CanOE,r2i1p2f1,ssp370,2021-2040,2038-2057
CanESM5-CanOE,r2i1p2f1,ssp585,2019-2038,2036-2055
CanESM5-CanOE,r3i1p2f1,ssp245,2021-2040,2047-2066
CanESM5-CanOE,r3i1p2f1,ssp370,2020-2039,2038-2057
CanESM5-CanOE,r3i1p2f1,ssp585,2019-2038,2035-2054
CanESM5,r10i1p1f1,ssp245,2024-2043,2052-2071
CanESM5,r10i1p1f1,ssp370,2021-2040,2040-2059
CanESM5,r10i1p1f1,ssp585,2022-2041,2037-2056
CanESM5,r10i1p2f1,ssp245,2022-2041,2049-2068
CanESM5,r10i1p2f1,ssp370,2019-2038,2038-2057
CanESM5,r10i1p2f1,ssp585,2019-2038,2036-2055
CanESM5,r11i1p1f1,ssp245,2022-2041,2049-2068
CanESM5,r11i1p1f1,ssp370,2020-2039,2038-2057
CanESM5,r11i1p1f1,ssp585,2020-2039,2036-2055
CanESM5,r11i1p2f1,ssp245,2027-2046,2054-2073
CanESM5,r11i1p2f1,ssp370,2022-2041,2042-2061
CanESM5,r11i1p2f1,ssp585,2021-2040,2038-2057
CanESM5,r12i1p1f1,ssp245,2024-2043,2049-2068
CanESM5,r12i1p1f1,ssp370,2023-2042,2040-2059
CanESM5,r12i1p1f1,ssp585,2021-2040,2038-2057
CanESM5,r12i1p2f1,ssp245,2023-2042,2050-2069
CanESM5,r12i1p2f1,ssp370,2021-2040,2039-2058
CanESM5,r12i1p2f1,ssp585,2020-2039,2036-2055
CanESM5,r13i1p1f1,ssp245,2024-2043,2049-2068
CanESM5,r13i1p1f1,ssp370,2020-2039,2040-2059
CanESM5,r13i1p1f1,ssp585,2021-2040,2037-2056
CanESM5,r13i1p2f1,ssp245,2020-2039,2049-2068
CanESM5,r13i1p2f1,ssp370,2020-2039,2039-2058
CanESM5,r13i1p2f1,ssp585,2019-2038,2036-2055
CanESM5,r14i1p1f1,ssp245,2024-2043,2048-2067
CanESM5,r14i1p1f1,ssp370,2022-2041,2039-2058
CanESM5,r14i1p1f1,ssp585,2020-2039,2038-2057
CanESM5,r14i1p2f1,ssp245,2019-2038,2045-2064
CanESM5,r14i1p2f1,ssp370,2019-2038,2037-2056
CanESM5,r14i1p2f1,ssp585,2018-2037,2034-2053
CanESM5,r15i1p1f1,ssp245,2022-2041,2048-2067
CanESM5,r15i1p1f1,ssp370,2019-2038,2039-2058
CanESM5,r15i1p1f1,ssp585,2018-2037,2036-2055
CanESM5,r15i1p2f1,ssp245,2022-2041,2048-2067
CanESM5,r15i1p2f1,ssp370,2021-2040,2041-2060
CanESM5,r15i1p2f1,ssp585,2019-2038,2036-2055
CanESM5,r16i1p1f1,ssp245,2019-2038,2045-2064
CanESM5,r16i1p1f1,ssp370,2020-2039,2039-2058
CanESM5,r16i1p1f1,ssp585,2019-2038,2035-2054
CanESM5,r16i1p2f1,ssp245,2023-2042,2046-2065
CanESM5,r16i1p2f1,ssp370,2019-2038,2038-2057
CanESM5,r16i1p2f1,ssp585,2020-2039,2036-2055
CanESM5,r17i1p1f1,ssp245,2023-2042,2050-2069
CanESM5,r17i1p1f1,ssp370,2021-2040,2040-2059
CanESM5,r17i1p1f1,ssp585,2021-2040,2037-2056
CanESM5,r17i1p2f1,ssp245,2022-2041,2049-2068
CanESM5,r17i1p2f1,ssp370,2021-2040,2040-2059
CanESM5,r17i1p2f1,ssp585,2020-2039,2037-2056
CanESM5,r18i1p1f1,ssp245,2023-2042,2050-2069
CanESM5,r18i1p1f1,ssp370,2023-2042,2043-2062
CanESM5,r18i1p1f1,ssp585,2021-2040,2038-2057
CanESM5,r18i1p2f1,ssp245,2021-2040,2047-2066
CanESM5,r18i1p2f1,ssp370,2020-2039,2038-2057
CanESM5,r18i1p2f1,ssp585,2018-2037,2036-2055
CanESM5,r19i1p1f1,ssp245,2022-2041,2049-2068
CanESM5,r19i1p1f1,ssp370,2020-2039,2040-2059
CanESM5,r19i1p1f1,ssp585,2019-2038,2036-2055
CanESM5,r19i1p2f1,ssp245,2022-2041,2051-2070
CanESM5,r19i1p2f1,ssp370,2019-2038,2039-2058
CanESM5,r19i1p2f1,ssp585,2019-2038,2038-2057
CanESM5,r1i1p1f1,ssp245,2023-2042,2051-2070
CanESM5,r1i1p1f1,ssp370,2021-2040,2040-2059
CanESM5,r1i1p1f1,ssp585,2021-2040,2037-2056
CanESM5,r1i1p2f1,ssp245,2022-2041,2048-2067
CanESM5,r1i1p2f1,ssp370,2018-2037,2039-2058
CanESM5,r1i1p2f1,ssp585,2019-2038,2036-2055
CanESM5,r20i1p1f1,ssp245,2023-2042,2048-2067
CanESM5,r20i1p1f1,ssp370,2020-2039,2038-2057
CanESM5,r20i1p1f1,ssp585,2019-2038,2036-2055
CanESM5,r20i1p2f1,ssp245,2021-2040,2047-2066
CanESM5,r20i1p2f1,ssp370,2021-2040,2039-2058
CanESM5,r20i1p2f1,ssp585,2019-2038,2035-2054
CanESM5,r21i1p1f1,ssp245,2021-2040,2049-2068
CanESM5,r21i1p1f1,ssp370,2019-2038,2040-2059
CanESM5,r21i1p1f1,ssp585,2018-2037,2036-2055
CanESM5,r21i1p2f1,ssp245,2022-2041,2047-2066
CanESM5,r21i1p2f1,ssp370,2019-2038,2039-2058
CanESM5,r21i1p2f1,ssp585,2019-2038,2035-2054
CanESM5,r22i1p1f1,ssp245,2022-2041,2047-2066
CanESM5,r22i1p1f1,ssp370,2022-2041,2041-2060
CanESM5,r22i1p1f1,ssp585,2020-2039,2036-2055
CanESM5,r22i1p2f1,ssp245,2024-2043,2048-2067
CanESM5,r22i1p2f1,ssp370,2021-2040,2042-2061
CanESM5,r22i1p2f1,ssp585,2019-2038,2038-2057
CanESM5,r23i1p1f1,ssp245,2024-2043,2050-2069
CanESM5,r23i1p1f1,ssp370,2021-2040,2040-2059
CanESM5,r23i1p1f1,ssp585,2019-2038,2036-2055
CanESM5,r23i1p2f1,ssp245,2023-2042,2048-2067
CanESM5,r23i1p2f1,ssp370,2022-2041,2039-2058
CanESM5,r23i1p2f1,ssp585,2020-2039,2036-2055
CanESM5,r24i1p1f1,ssp245,2024-2043,2051-2070
CanESM5,r24i1p1f1,ssp370,2022-2041,2040-2059
CanESM5,r24i1p1f1,ssp585,2021-2040,2038-2057
CanESM5,r24i1p2f1,ssp245,2020-2039,2048-2067
CanESM5,r24i1p2f1,ssp370,2019-2038,2038-2057
CanESM5,r24i1p2f1,ssp585,2018-2037,2037-2056
CanESM5,r25i1p1f1,ssp245,2022-2041,2049-2068
CanESM5,r25i1p1f1,ssp370,2020-2039,2040-2059
CanESM5,r25i1p1f1,ssp585,2019-2038,2037-2056
CanESM5,r25i1p2f1,ssp245,2023-2042,2049-2068
CanESM5,r25i1p2f1,ssp370,2021-2040,2038-2057
CanESM5,r25i1p2f1,ssp585,2021-2040,2036-2055
CanESM5,r2i1p1f1,ssp245,2020-2039,2047-2066
CanESM5,r2i1p1f1,ssp370,2018-2037,2037-2056
CanESM5,r2i1p1f1,ssp585,2017-2036,2034-2053
CanESM5,r2i1p2f1,ssp245,2021-2040,2045-2064
CanESM5,r2i1p2f1,ssp370,2021-2040,2038-2057
CanESM5,r2i1p2f1,ssp585,2019-2038,2036-2055
CanESM5,r3i1p1f1,ssp245,2023-2042,2045-2064
CanESM5,r3i1p1f1,ssp370,2019-2038,2037-2056
CanESM5,r3i1p1f1,ssp585,2018-2037,2036-2055
CanESM5,r3i1p2f1,ssp245,2021-2040,2047-2066
CanESM5,r3i1p2f1,ssp370,2020-2039,2038-2057
CanESM5,r3i1p2f1,ssp585,2019-2038,2035-2054
CanESM5,r4i1p1f1,ssp245,2025-2044,2050-2069
CanESM5,r4i1p1f1,ssp370,2021-2040,2042-2061
CanESM5,r4i1p1f1,ssp585,2021-2040,2038-2057
CanESM5,r4i1p2f1,ssp245,2023-2042,2050-2069
CanESM5,r4i1p2f1,ssp370,2022-2041,2040-2059
CanESM5,r4i1p2f1,ssp585,2019-2038,2035-2054
CanESM5,r5i1p1f1,ssp245,2021-2040,2049-2068
CanESM5,r5i1p1f1,ssp370,2020-2039,2039-2058
CanESM5,r5i1p1f1,ssp585,2020-2039,2035-2054
CanESM5,r5i1p2f1,ssp245,2024-2043,2054-2073
CanESM5,r5i1p2f1,ssp370,2023-2042,2041-2060
CanESM5,r5i1p2f1,ssp585,2020-2039,2037-2056
CanESM5,r6i1p1f1,ssp245,2022-2041,2050-2069
CanESM5,r6i1p1f1,ssp370,2021-2040,2040-2059
CanESM5,r6i1p1f1,ssp585,2020-2039,2037-2056
CanESM5,r6i1p2f1,ssp245,2023-2042,2047-2066
CanESM5,r6i1p2f1,ssp370,2019-2038,2039-2058
CanESM5,r6i1p2f1,ssp585,2018-2037,2035-2054
CanESM5,r7i1p1f1,ssp245,2022-2041,2050-2069
CanESM5,r7i1p1f1,ssp370,2021-2040,2040-2059
CanESM5,r7i1p1f1,ssp585,2020-2039,2036-2055
CanESM5,r7i1p2f1,ssp245,2022-2041,2047-2066
CanESM5,r7i1p2f1,ssp370,2020-2039,2040-2059
CanESM5,r7i1p2f1,ssp585,2019-2038,2036-2055
CanESM5,r8i1p1f1,ssp245,2026-2045,2052-2071
CanESM5,r8i1p1f1,ssp370,2022-2041,2041-2060
CanESM5,r8i1p1f1,ssp585,2021-2040,2039-2058
CanESM5,r8i1p2f1,ssp245,2018-2037,2047-2066
CanESM5,r8i1p2f1,ssp370,2020-2039,2038-2057
CanESM5,r8i1p2f1,ssp585,2017-2036,2035-2054
CanESM5,r9i1p1f1,ssp245,2020-2039,2047-2066
CanESM5,r9i1p1f1,ssp370,2020-2039,2039-2058
CanESM5,r9i1p1f1,ssp585,2017-2036,2036-2055
CanESM5,r9i1p2f1,ssp245,2023-2042,2051-2070
CanESM5,r9i1p2f1,ssp370,2020-2039,2040-2059
CanESM5,r9i1p2f1,ssp585,2018-2037,2037-2056
E3SM-1-0,r1i1p1f1,ssp585,2020-2039,2036-2055
E3SM-1-0,r2i1p1f1,ssp585,2021-2040,2035-2054
E3SM-1-0,r3i1p1f1,ssp585,2020-2039,2036-2055
E3SM-1-0,r4i1p1f1,ssp585,2019-2038,2033-2052
E3SM-1-0,r5i1p1f1,ssp585,2023-2042,2036-2055
E3SM-1-1-ECA,r1i1p1f1,ssp585,2018-2037,2032-2051
E3SM-1-1,r1i1p1f1,ssp585,2018-2037,2032-2051
E3SM-2-0,r10i1p1f1,ssp370,2029-2048,2050-2069
E3SM-2-0,r11i1p1f1,ssp370,2027-2046,2052-2071
E3SM-2-0,r12i1p1f1,ssp370,2028-2047,2048-2067
E3SM-2-0,r13i1p1f1,ssp370,2028-2047,2050-2069
E3SM-2-0,r14i1p1f1,ssp370,2028-2047,2049-2068
E3SM-2-0,r15i1p1f1,ssp370,2028-2047,2050-2069
E3SM-2-0,r16i1p1f1,ssp370,2029-2048,2051-2070
E3SM-2-0,r17i1p1f1,ssp370,2027-2046,2052-2071
E3SM-2-0,r18i1p1f1,ssp370,2030-2049,2049-2068
E3SM-2-0,r19i1p1f1,ssp370,2025-2044,2048-2067
E3SM-2-0,r1i1p1f1,ssp370,2027-2046,2049-2068
E3SM-2-0,r20i1p1f1,ssp370,2027-2046,2051-2070
E3SM-2-0,r21i1p1f1,ssp370,2026-2045,2048-2067
E3SM-2-0,r2i1p1f1,ssp370,2027-2046,2049-2068
E3SM-2-0,r3i1p1f1,ssp370,2029-2048,2051-2070
E3SM-2-0,r4i1p1f1,ssp370,2027-2046,2049-2068
E3SM-2-0,r5i1p1f1,ssp370,2028-2047,2051-2070
E3SM-2-0,r6i1p1f1,ssp370,2030-2049,2049-2068
E3SM-2-0,r7i1p1f1,ssp370,2030-2049,2051-2070
E3SM-2-0,r8i1p1f1,ssp370,2029-2048,2051-2070
E3SM-2-0,r9i1p1f1,ssp370,2026-2045,2048-2067
EC-Earth3-AerChem,r1i1p1f1,ssp370,2029-2048,2052-2071
EC-Earth3-CC,r1i1p1f1,ssp585,2039-2058,2056-2075
EC-Earth3-Veg-LR,r1i1p1f1,ssp370,2038-2057,2059-2078
EC-Earth3-Veg-LR,r1i1p1f1,ssp585,2034-2053,2054-2073
EC-Earth3-Veg-LR,r2i1p1f1,ssp245,2031-2050,2060-2079
EC-Earth3-Veg-LR,r2i1p1f1,ssp370,2033-2052,2052-2071
EC-Earth3-Veg-LR,r2i1p1f1,ssp585,2027-2046,2044-2063
EC-Earth3-Veg-LR,r3i1p1f1,ssp245,2027-2046,2049-2068
EC-Earth3-Veg-LR,r3i1p1f1,ssp370,2026-2045,2046-2065
EC-Earth3-Veg-LR,r3i1p1f1,ssp585,2026-2045,2043-2062
EC-Earth3-Veg,r1i1p1f1,ssp245,2039-2058,2077-2096
EC-Earth3-Veg,r1i1p1f1,ssp370,2036-2055,2057-2076
EC-Earth3-Veg,r1i1p1f1,ssp585,2031-2050,2049-2068
EC-Earth3-Veg,r2i1p1f1,ssp245,2035-2054,2078-2097
EC-Earth3-Veg,r2i1p1f1,ssp370,2034-2053,2060-2079
EC-Earth3-Veg,r2i1p1f1,ssp585,2031-2050,2051-2070
EC-Earth3-Veg,r3i1p1f1,ssp245,2038-2057,2070-2089
EC-Earth3-Veg,r3i1p1f1,ssp370,2036-2055,2057-2076
EC-Earth3-Veg,r3i1p1f1,ssp585,2031-2050,2050-2069
EC-Earth3-Veg,r4i1p1f1,ssp245,2024-2043,2065-2084
EC-Earth3-Veg,r4i1p1f1,ssp370,2024-2043,2051-2070
EC-Earth3-Veg,r4i1p1f1,ssp585,2023-2042,2044-2063
EC-Earth3,r10i1p1f1,ssp245,2023-2042,2048-2067
EC-Earth3,r11i1p1f1,ssp245,2026-2045,2062-2081
EC-Earth3,r11i1p1f1,ssp370,2022-2041,2048-2067
EC-Earth3,r11i1p1f1,ssp585,2024-2043,2043-2062
EC-Earth3,r12i1p1f1,ssp245,2039-2058,2075-2094
EC-Earth3,r13i1p1f1,ssp245,2037-2056,2072-2091
EC-Earth3,r13i1p1f1,ssp370,2033-2052,2057-2076
EC-Earth3,r13i1p1f1,ssp585,2029-2048,2049-2068
EC-Earth3,r14i1p1f1,ssp245,2041-2060,2074-2093
EC-Earth3,r15i1p1f1,ssp245,2042-2061,2074-2093
EC-Earth3,r15i1p1f1,ssp370,2037-2056,2060-2079
EC-Earth3,r15i1p1f1,ssp585,2034-2053,2051-2070
EC-Earth3,r16i1p1f1,ssp245,2041-2060,2074-2093
EC-Earth3,r17i1p1f1,ssp245,2035-2054,2071-2090
EC-Earth3,r18i1p1f1,ssp245,2029-2048,2060-2079
EC-Earth3,r19i1p1f1,ssp245,2023-2042,2055-2074
EC-Earth3,r1i1p1f1,ssp245,2035-2054,2076-2095
EC-Earth3,r1i1p1f1,ssp370,2029-2048,2054-2073
EC-Earth3,r1i1p1f1,ssp585,2026-2045,2048-2067
EC-Earth3,r20i1p1f1,ssp245,2033-2052,2063-2082
EC-Earth3,r21i1p1f1,ssp245,2042-2061,2073-2092
EC-Earth3,r23i1p1f1,ssp245,2025-2044,2059-2078
EC-Earth3,r24i1p1f1,ssp245,2041-2060,2074-2093
EC-Earth3,r25i1p1f1,ssp245,2036-2055,2070-2089
EC-Earth3,r2i1p1f1,ssp245,2038-2057,2069-2088
FGOALS-f3-L,r1i1p1f1,ssp370,2035-2054,2062-2081
FGOALS-f3-L,r1i1p1f1,ssp585,2033-2052,2054-2073
FGOALS-g3,r1i1p1f1,ssp370,2043-2062,2078-2097
FGOALS-g3,r1i1p1f1,ssp585,2040-2059,2068-2087
FIO-ESM-2-0,r1i1p1f1,ssp585,2031-2050,2050-2069
FIO-ESM-2-0,r2i1p1f1,ssp585,2032-2051,2050-2069
FIO-ESM-2-0,r3i1p1f1,ssp245,2033-2052,2079-2098
FIO-ESM-2-0,r3i1p1f1,ssp585,2029-2048,2049-2068
GFDL-CM4,r1i1p1f1,ssp245,2035-2054,2078-2097
GFDL-CM4,r1i1p1f1,ssp585,2030-2049,2048-2067
GFDL-ESM4,r1i1p1f1,ssp370,2042-2061,2068-2087
GFDL-ESM4,r1i1p1f1,ssp585,2038-2057,2061-2080
GISS-E2-1-G,r10i1p1f2,ssp370,2033-2052,2067-2086
GISS-E2-1-G,r10i1p5f1,ssp370,2029-2048,2059-2078
GISS-E2-1-G,r1i1p1f2,ssp245,2017-2036,2059-2078
GISS-E2-1-G,r1i1p1f2,ssp370,2018-2037,2049-2068
GISS-E2-1-G,r1i1p1f2,ssp585,2016-2035,2041-2060
GISS-E2-1-G,r1i1p3f1,ssp370,2033-2052,2064-2083
GISS-E2-1-G,r1i1p3f1,ssp585,2030-2049,2054-2073
GISS-E2-1-G,r1i1p5f1,ssp370,2030-2049,2060-2079
GISS-E2-1-G,r1i1p5f1,ssp585,2028-2047,2055-2074
GISS-E2-1-G,r2i1p1f2,ssp370,2033-2052,2064-2083
GISS-E2-1-G,r2i1p1f2,ssp585,2029-2048,2052-2071
GISS-E2-1-G,r2i1p3f1,ssp370,2036-2055,2067-2086
GISS-E2-1-G,r2i1p3f1,ssp585,2032-2051,2056-2075
GISS-E2-1-G,r2i1p5f1,ssp370,2029-2048,2056-2075
GISS-E2-1-G,r2i1p5f1,ssp585,2027-2046,2051-2070
GISS-E2-1-G,r3i1p1f2,ssp370,2034-2053,2065-2084
GISS-E2-1-G,r3i1p1f2,ssp585,2029-2048,2053-2072
GISS-E2-1-G,r3i1p3f1,ssp370,2032-2051,2063-2082
GISS-E2-1-G,r3i1p3f1,ssp585,2030-2049,2054-2073
GISS-E2-1-G,r3i1p5f1,ssp370,2029-2048,2062-2081
GISS-E2-1-G,r3i1p5f1,ssp585,2028-2047,2052-2071
GISS-E2-1-G,r4i1p1f2,ssp370,2033-2052,2064-2083
GISS-E2-1-G,r4i1p1f2,ssp585,2029-2048,2053-2072
GISS-E2-1-G,r4i1p3f1,ssp370,2036-2055,2066-2085
GISS-E2-1-G,r4i1p3f1,ssp585,2030-2049,2054-2073
GISS-E2-1-G,r4i1p5f1,ssp370,2029-2048,2058-2077
GISS-E2-1-G,r4i1p5f1,ssp585,2030-2049,2053-2072
GISS-E2-1-G,r5i1p1f2,ssp370,2032-2051,2065-2084
GISS-E2-1-G,r5i1p1f2,ssp585,2027-2046,2049-2068
GISS-E2-1-G,r5i1p3f1,ssp585,2031-2050,2057-2076
GISS-E2-1-G,r6i1p1f2,ssp370,2031-2050,2062-2081
GISS-E2-1-G,r6i1p5f1,ssp370,2029-2048,2061-2080
GISS-E2-1-G,r7i1p1f2,ssp370,2033-2052,2067-2086
GISS-E2-1-G,r7i1p5f1,ssp370,2029-2048,2060-2079
GISS-E2-1-G,r8i1p1f2,ssp370,2034-2053,2067-2086
GISS-E2-1-G,r8i1p5f1,ssp370,2032-2051,2062-2081
GISS-E2-1-G,r9i1p1f2,ssp370,2033-2052,2066-2085
GISS-E2-1-G,r9i1p5f1,ssp370,2030-2049,2062-2081
GISS-E2-1-H,r1i1p1f2,ssp245,2030-2049,2072-2091
GISS-E2-1-H,r1i1p1f2,ssp370,2030-2049,2058-2077
GISS-E2-1-H,r1i1p1f2,ssp585,2024-2043,2049-2068
GISS-E2-1-H,r1i1p3f1,ssp245,2036-2055,2074-2093
GISS-E2-1-H,r1i1p3f1,ssp370,2033-2052,2060-2079
GISS-E2-1-H,r1i1p3f1,ssp585,2030-2049,2052-2071
GISS-E2-1-H,r2i1p1f2,ssp245,2029-2048,2078-2097
GISS-E2-1-H,r2i1p1f2,ssp370,2031-2050,2059-2078
GISS-E2-1-H,r2i1p1f2,ssp585,2027-2046,2049-2068
GISS-E2-1-H,r2i1p3f1,ssp585,2030-2049,2051-2070
GISS-E2-1-H,r3i1p1f2,ssp245,2033-2052,2079-2098
GISS-E2-1-H,r3i1p1f2,ssp370,2031-2050,2060-2079
GISS-E2-1-H,r3i1p1f2,ssp585,2028-2047,2048-2067
GISS-E2-1-H,r3i1p3f1,ssp585,2029-2048,2053-2072
GISS-E2-1-H,r4i1p1f2,ssp245,2028-2047,2070-2089
GISS-E2-1-H,r4i1p1f2,ssp370,2027-2046,2056-2075
GISS-E2-1-H,r4i1p1f2,ssp585,2024-2043,2045-2064
GISS-E2-1-H,r4i1p3f1,ssp585,2030-2049,2051-2070
GISS-E2-1-H,r5i1p1f2,ssp370,2033-2052,2060-2079
GISS-E2-1-H,r5i1p1f2,ssp585,2026-2045,2050-2069
GISS-E2-1-H,r5i1p3f1,ssp585,2029-2048,2050-2069
HadGEM3-GC31-LL,r1i1p1f3,ssp245,2021-2040,2049-2068
HadGEM3-GC31-LL,r1i1p1f3,ssp585,2019-2038,2037-2056
HadGEM3-GC31-LL,r2i1p1f3,ssp245,2024-2043,2052-2071
HadGEM3-GC31-LL,r2i1p1f3,ssp585,2022-2041,2039-2058
HadGEM3-GC31-LL,r3i1p1f3,ssp245,2020-2039,2046-2065
HadGEM3-GC31-LL,r3i1p1f3,ssp585,2019-2038,2037-2056
HadGEM3-GC31-LL,r4i1p1f3,ssp245,2021-2040,2044-2063
HadGEM3-GC31-LL,r4i1p1f3,ssp585,2019-2038,2035-2054
HadGEM3-GC31-LL,r5i1p1f3,ssp245,2019-2038,2042-2061
HadGEM3-GC31-MM,r1i1p1f3,ssp585,2022-2041,2037-2056
HadGEM3-GC31-MM,r2i1p1f3,ssp585,2023-2042,2038-2057
HadGEM3-GC31-MM,r3i1p1f3,ssp585,2023-2042,2040-2059
HadGEM3-GC31-MM,r4i1p1f3,ssp585,2025-2044,2040-2059
INM-CM4-8,r1i1p1f1,ssp370,2043-2062,2074-2093
INM-CM4-8,r1i1p1f1,ssp585,2037-2056,2060-2079
INM-CM5-0,r1i1p1f1,ssp370,2039-2058,2073-2092
INM-CM5-0,r1i1p1f1,ssp585,2035-2054,2063-2082
INM-CM5-0,r2i1p1f1,ssp370,2041-2060,2073-2092
INM-CM5-0,r3i1p1f1,ssp370,2041-2060,2074-2093
INM-CM5-0,r4i1p1f1,ssp370,2041-2060,2074-2093
INM-CM5-0,r5i1p1f1,ssp370,2038-2057,2067-2086
IPSL-CM5A2-INCA,r1i1p1f1,ssp370,2035-2054,2059-2078
IPSL-CM6A-LR,r10i1p1f1,ssp245,2034-2053,2064-2083
IPSL-CM6A-LR,r10i1p1f1,ssp370,2029-2048,2053-2072
IPSL-CM6A-LR,r11i1p1f1,ssp245,2029-2048,2063-2082
IPSL-CM6A-LR,r14i1p1f1,ssp245,2029-2048,2061-2080
IPSL-CM6A-LR,r14i1p1f1,ssp370,2026-2045,2051-2070
IPSL-CM6A-LR,r14i1p1f1,ssp585,2023-2042,2042-2061
IPSL-CM6A-LR,r1i1p1f1,ssp245,2031-2050,2064-2083
IPSL-CM6A-LR,r1i1p1f1,ssp370,2030-2049,2052-2071
IPSL-CM6A-LR,r1i1p1f1,ssp585,2029-2048,2045-2064
IPSL-CM6A-LR,r22i1p1f1,ssp245,2032-2051,2063-2082
IPSL-CM6A-LR,r25i1p1f1,ssp245,2024-2043,2056-2075
IPSL-CM6A-LR,r2i1p1f1,ssp245,2033-2052,2065-2084
IPSL-CM6A-LR,r2i1p1f1,ssp370,2030-2049,2053-2072
IPSL-CM6A-LR,r2i1p1f1,ssp585,2027-2046,2047-2066
IPSL-CM6A-LR,r33i1p1f1,ssp585,2028-2047,2046-2065
IPSL-CM6A-LR,r3i1p1f1,ssp245,2031-2050,2066-2085
IPSL-CM6A-LR,r3i1p1f1,ssp370,2031-2050,2052-2071
IPSL-CM6A-LR,r3i1p1f1,ssp585,2030-2049,2046-2065
IPSL-CM6A-LR,r4i1p1f1,ssp245,2030-2049,2064-2083
IPSL-CM6A-LR,r4i1p1f1,ssp370,2030-2049,2050-2069
IPSL-CM6A-LR,r4i1p1f1,ssp585,2024-2043,2045-2064
IPSL-CM6A-LR,r5i1p1f1,ssp245,2028-2047,2059-2078
IPSL-CM6A-LR,r5i1p1f1,ssp370,2027-2046,2048-2067
IPSL-CM6A-LR,r6i1p1f1,ssp245,2028-2047,2059-2078
IPSL-CM6A-LR,r6i1p1f1,ssp370,2027-2046,2049-2068
IPSL-CM6A-LR,r6i1p1f1,ssp585,2025-2044,2044-2063
IPSL-CM6A-LR,r7i1p1f1,ssp370,2033-2052,2054-2073
IPSL-CM6A-LR,r8i1p1f1,ssp370,2027-2046,2052-2071
IPSL-CM6A-LR,r9i1p1f1,ssp370,2031-2050,2049-2068
KACE-1-0-G,r1i1p1f1,ssp245,2020-2039,2052-2071
KACE-1-0-G,r1i1p1f1,ssp370,2020-2039,2045-2064
KACE-1-0-G,r1i1p1f1,ssp585,2019-2038,2039-2058
KACE-1-0-G,r2i1p1f1,ssp245,2024-2043,2060-2079
KACE-1-0-G,r2i1p1f1,ssp370,2023-2042,2049-2068
KACE-1-0-G,r2i1p1f1,ssp585,2021-2040,2044-2063
KACE-1-0-G,r3i1p1f1,ssp245,2020-2039,2051-2070
KACE-1-0-G,r3i1p1f1,ssp370,2021-2040,2047-2066
KACE-1-0-G,r3i1p1f1,ssp585,2019-2038,2041-2060
KIOST-ESM,r1i1p1f1,ssp585,2037-2056,2062-2081
MIROC-ES2L,r10i1p1f2,ssp370,2038-2057,2068-2087
MIROC-ES2L,r10i1p1f2,ssp585,2031-2050,2055-2074
MIROC-ES2L,r1i1p1f2,ssp370,2038-2057,2069-2088
MIROC-ES2L,r1i1p1f2,ssp585,2033-2052,2056-2075
MIROC-ES2L,r2i1p1f2,ssp370,2040-2059,2071-2090
MIROC-ES2L,r2i1p1f2,ssp585,2034-2053,2058-2077
MIROC-ES2L,r3i1p1f2,ssp370,2038-2057,2069-2088
MIROC-ES2L,r3i1p1f2,ssp585,2033-2052,2057-2076
MIROC-ES2L,r4i1p1f2,ssp370,2038-2057,2068-2087
MIROC-ES2L,r4i1p1f2,ssp585,2031-2050,2056-2075
MIROC-ES2L,r5i1p1f2,ssp370,2038-2057,2069-2088
MIROC-ES2L,r5i1p1f2,ssp585,2032-2051,2055-2074
MIROC-ES2L,r6i1p1f2,ssp370,2038-2057,2068-2087
MIROC-ES2L,r6i1p1f2,ssp585,2034-2053,2056-2075
MIROC-ES2L,r7i1p1f2,ssp370,2041-2060,2069-2088
MIROC-ES2L,r7i1p1f2,ssp585,2034-2053,2057-2076
MIROC-ES2L,r8i1p1f2,ssp370,2039-2058,2070-2089
MIROC-ES2L,r8i1p1f2,ssp585,2033-2052,2057-2076
MIROC-ES2L,r9i1p1f2,ssp370,2038-2057,2068-2087
MIROC-ES2L,r9i1p1f2,ssp585,2032-2051,2055-2074
MIROC6,r10i1p1f1,ssp370,2048-2067,2077-2096
MIROC6,r10i1p1f1,ssp585,2038-2057,2062-2081
MIROC6,r11i1p1f1,ssp370,2044-2063,2075-2094
MIROC6,r11i1p1f1,ssp585,2037-2056,2061-2080
MIROC6,r12i1p1f1,ssp370,2044-2063,2076-2095
MIROC6,r12i1p1f1,ssp585,2035-2054,2060-2079
MIROC6,r13i1p1f1,ssp370,2040-2059,2071-2090
MIROC6,r13i1p1f1,ssp585,2035-2054,2059-2078
MIROC6,r14i1p1f1,ssp370,2045-2064,2077-2096
MIROC6,r14i1p1f1,ssp585,2039-2058,2062-2081
MIROC6,r15i1p1f1,ssp370,2042-2061,2074-2093
MIROC6,r15i1p1f1,ssp585,2037-2056,2059-2078
MIROC6,r16i1p1f1,ssp370,2044-2063,2075-2094
MIROC6,r16i1p1f1,ssp585,2037-2056,2060-2079
MIROC6,r17i1p1f1,ssp370,2042-2061,2075-2094
MIROC6,r17i1p1f1,ssp585,2036-2055,2062-2081
MIROC6,r18i1p1f1,ssp370,2041-2060,2074-2093
MIROC6,r18i1p1f1,ssp585,2036-2055,2060-2079
MIROC6,r19i1p1f1,ssp370,2042-2061,2076-2095
MIROC6,r19i1p1f1,ssp585,2037-2056,2061-2080
MIROC6,r1i1p1f1,ssp370,2042-2061,2073-2092
MIROC6,r1i1p1f1,ssp585,2037-2056,2062-2081
MIROC6,r20i1p1f1,ssp370,2045-2064,2078-2097
MIROC6,r20i1p1f1,ssp585,2037-2056,2061-2080
MIROC6,r21i1p1f1,ssp370,2045-2064,2075-2094
MIROC6,r21i1p1f1,ssp585,2037-2056,2060-2079
MIROC6,r22i1p1f1,ssp370,2046-2065,2074-2093
MIROC6,r22i1p1f1,ssp585,2036-2055,2062-2081
MIROC6,r23i1p1f1,ssp370,2045-2064,2074-2093
MIROC6,r23i1p1f1,ssp585,2037-2056,2061-2080
MIROC6,r24i1p1f1,ssp370,2050-2069,2079-2098
MIROC6,r24i1p1f1,ssp585,2038-2057,2064-2083
MIROC6,r25i1p1f1,ssp370,2040-2059,2075-2094
MIROC6,r25i1p1f1,ssp585,2038-2057,2060-2079
MIROC6,r26i1p1f1,ssp370,2043-2062,2076-2095
MIROC6,r26i1p1f1,ssp585,2038-2057,2061-2080
MIROC6,r27i1p1f1,ssp370,2048-2067,2077-2096
MIROC6,r27i1p1f1,ssp585,2038-2057,2063-2082
MIROC6,r28i1p1f1,ssp370,2043-2062,2074-2093
MIROC6,r28i1p1f1,ssp585,2035-2054,2060-2079
MIROC6,r29i1p1f1,ssp370,2042-2061,2075-2094
MIROC6,r29i1p1f1,ssp585,2036-2055,2060-2079
MIROC6,r2i1p1f1,ssp370,2043-2062,2078-2097
MIROC6,r2i1p1f1,ssp585,2038-2057,2063-2082
MIROC6,r30i1p1f1,ssp370,2041-2060,2075-2094
MIROC6,r30i1p1f1,ssp585,2036-2055,2060-2079
MIROC6,r31i1p1f1,ssp370,2046-2065,2075-2094
MIROC6,r31i1p1f1,ssp585,2035-2054,2061-2080
MIROC6,r32i1p1f1,ssp370,2041-2060,2073-2092
MIROC6,r32i1p1f1,ssp585,2033-2052,2061-2080
MIROC6,r33i1p1f1,ssp370,2047-2066,2077-2096
MIROC6,r33i1p1f1,ssp585,2039-2058,2061-2080
MIROC6,r34i1p1f1,ssp370,2043-2062,2074-2093
MIROC6,r34i1p1f1,ssp585,2038-2057,2061-2080
MIROC6,r35i1p1f1,ssp370,2044-2063,2074-2093
MIROC6,r35i1p1f1,ssp585,2036-2055,2061-2080
MIROC6,r36i1p1f1,ssp370,2043-2062,2075-2094
MIROC6,r36i1p1f1,ssp585,2037-2056,2063-2082
MIROC6,r37i1p1f1,ssp370,2044-2063,2074-2093
MIROC6,r37i1p1f1,ssp585,2035-2054,2062-2081
MIROC6,r38i1p1f1,ssp370,2042-2061,2076-2095
MIROC6,r38i1p1f1,ssp585,2038-2057,2061-2080
MIROC6,r39i1p1f1,ssp370,2045-2064,2076-2095
MIROC6,r39i1p1f1,ssp585,2035-2054,2060-2079
MIROC6,r3i1p1f1,ssp370,2046-2065,2075-2094
MIROC6,r3i1p1f1,ssp585,2038-2057,2060-2079
MIROC6,r40i1p1f1,ssp370,2045-2064,2075-2094
MIROC6,r40i1p1f1,ssp585,2035-2054,2060-2079
MIROC6,r41i1p1f1,ssp370,2043-2062,2076-2095
MIROC6,r41i1p1f1,ssp585,2036-2055,2060-2079
MIROC6,r42i1p1f1,ssp370,2044-2063,2076-2095
MIROC6,r42i1p1f1,ssp585,2037-2056,2059-2078
MIROC6,r43i1p1f1,ssp370,2044-2063,2076-2095
MIROC6,r43i1p1f1,ssp585,2039-2058,2061-2080
MIROC6,r44i1p1f1,ssp370,2044-2063,2074-2093
MIROC6,r44i1p1f1,ssp585,2036-2055,2060-2079
MIROC6,r45i1p1f1,ssp370,2045-2064,2074-2093
MIROC6,r45i1p1f1,ssp585,2037-2056,2062-2081
MIROC6,r46i1p1f1,ssp370,2042-2061,2075-2094
MIROC6,r46i1p1f1,ssp585,2037-2056,2061-2080
MIROC6,r47i1p1f1,ssp370,2043-2062,2077-2096
MIROC6,r47i1p1f1,ssp585,2038-2057,2062-2081
MIROC6,r48i1p1f1,ssp370,2043-2062,2076-2095
MIROC6,r48i1p1f1,ssp585,2039-2058,2062-2081
MIROC6,r49i1p1f1,ssp370,2046-2065,2075-2094
MIROC6,r49i1p1f1,ssp585,2038-2057,2063-2082
MIROC6,r4i1p1f1,ssp370,2043-2062,2075-2094
MIROC6,r4i1p1f1,ssp585,2035-2054,2060-2079
MIROC6,r50i1p1f1,ssp370,2045-2064,2077-2096
MIROC6,r50i1p1f1,ssp585,2038-2057,2061-2080
MIROC6,r5i1p1f1,ssp370,2047-2066,2076-2095
MIROC6,r5i1p1f1,ssp585,2036-2055,2061-2080
MIROC6,r6i1p1f1,ssp370,2046-2065,2076-2095
MIROC6,r6i1p1f1,ssp585,2038-2057,2060-2079
MIROC6,r7i1p1f1,ssp370,2047-2066,2076-2095
MIROC6,r7i1p1f1,ssp585,2037-2056,2062-2081
MIROC6,r8i1p1f1,ssp370,2043-2062,2076-2095
MIROC6,r8i1p1f1,ssp585,2037-2056,2062-2081
MIROC6,r9i1p1f1,ssp370,2043-2062,2076-2095
MIROC6,r9i1p1f1,ssp585,2036-2055,2061-2080
MPI-ESM1-2-HR,r10i1p1f1,ssp370,2042-2061,2072-2091
MPI-ESM1-2-HR,r1i1p1f1,ssp370,2040-2059,2072-2091
MPI-ESM1-2-HR,r1i1p1f1,ssp585,2039-2058,2064-2083
MPI-ESM1-2-HR,r2i1p1f1,ssp370,2044-2063,2075-2094
MPI-ESM1-2-HR,r3i1p1f1,ssp370,2043-2062,2072-2091
MPI-ESM1-2-HR,r4i1p1f1,ssp370,2039-2058,2069-2088
MPI-ESM1-2-HR,r5i1p1f1,ssp370,2044-2063,2074-2093
MPI-ESM1-2-HR,r6i1p1f1,ssp370,2041-2060,2070-2089
MPI-ESM1-2-HR,r7i1p1f1,ssp370,2046-2065,2075-2094
MPI-ESM1-2-HR,r8i1p1f1,ssp370,2047-2066,2074-2093
MPI-ESM1-2-HR,r9i1p1f1,ssp370,2047-2066,2076-2095
MPI-ESM1-2-LR,r10i1p1f1,ssp370,2043-2062,2075-2094
MPI-ESM1-2-LR,r10i1p1f1,ssp585,2043-2062,2064-2083
MPI-ESM1-2-LR,r11i1p1f1,ssp370,2042-2061,2071-2090
MPI-ESM1-2-LR,r11i1p1f1,ssp585,2041-2060,2063-2082
MPI-ESM1-2-LR,r12i1p1f1,ssp370,2044-2063,2073-2092
MPI-ESM1-2-LR,r12i1p1f1,ssp585,2041-2060,2063-2082
MPI-ESM1-2-LR,r13i1p1f1,ssp370,2041-2060,2071-2090
MPI-ESM1-2-LR,r13i1p1f1,ssp585,2040-2059,2063-2082
MPI-ESM1-2-LR,r14i1p1f1,ssp370,2043-2062,2072-2091
MPI-ESM1-2-LR,r14i1p1f1,ssp585,2038-2057,2062-2081
MPI-ESM1-2-LR,r15i1p1f1,ssp370,2041-2060,2071-2090
MPI-ESM1-2-LR,r15i1p1f1,ssp585,2038-2057,2062-2081
MPI-ESM1-2-LR,r16i1p1f1,ssp370,2042-2061,2072-2091
MPI-ESM1-2-LR,r16i1p1f1,ssp585,2038-2057,2063-2082
MPI-ESM1-2-LR,r17i1p1f1,ssp370,2044-2063,2074-2093
MPI-ESM1-2-LR,r17i1p1f1,ssp585,2040-2059,2064-2083
MPI-ESM1-2-LR,r18i1p1f1,ssp370,2044-2063,2074-2093
MPI-ESM1-2-LR,r18i1p1f1,ssp585,2042-2061,2064-2083
MPI-ESM1-2-LR,r19i1p1f1,ssp370,2041-2060,2072-2091
MPI-ESM1-2-LR,r19i1p1f1,ssp585,2039-2058,2062-2081
MPI-ESM1-2-LR,r1i1p1f1,ssp370,2043-2062,2071-2090
MPI-ESM1-2-LR,r1i1p1f1,ssp585,2040-2059,2063-2082
MPI-ESM1-2-LR,r20i1p1f1,ssp370,2042-2061,2074-2093
MPI-ESM1-2-LR,r20i1p1f1,ssp585,2042-2061,2063-2082
MPI-ESM1-2-LR,r21i1p1f1,ssp370,2045-2064,2074-2093
MPI-ESM1-2-LR,r21i1p1f1,ssp585,2041-2060,2063-2082
MPI-ESM1-2-LR,r22i1p1f1,ssp370,2042-2061,2074-2093
MPI-ESM1-2-LR,r22i1p1f1,ssp585,2039-2058,2064-2083
MPI-ESM1-2-LR,r23i1p1f1,ssp370,2043-2062,2072-2091
MPI-ESM1-2-LR,r23i1p1f1,ssp585,2040-2059,2063-2082
MPI-ESM1-2-LR,r24i1p1f1,ssp370,2047-2066,2075-2094
MPI-ESM1-2-LR,r24i1p1f1,ssp585,2042-2061,2065-2084
MPI-ESM1-2-LR,r25i1p1f1,ssp370,2047-2066,2075-2094
MPI-ESM1-2-LR,r25i1p1f1,ssp585,2042-2061,2064-2083
MPI-ESM1-2-LR,r26i1p1f1,ssp370,2043-2062,2072-2091
MPI-ESM1-2-LR,r26i1p1f1,ssp585,2041-2060,2063-2082
MPI-ESM1-2-LR,r27i1p1f1,ssp370,2043-2062,2071-2090
MPI-ESM1-2-LR,r27i1p1f1,ssp585,2040-2059,2061-2080
MPI-ESM1-2-LR,r28i1p1f1,ssp370,2044-2063,2074-2093
MPI-ESM1-2-LR,r28i1p1f1,ssp585,2041-2060,2063-2082
MPI-ESM1-2-LR,r29i1p1f1,ssp370,2043-2062,2070-2089
MPI-ESM1-2-LR,r29i1p1f1,ssp585,2038-2057,2062-2081
MPI-ESM1-2-LR,r2i1p1f1,ssp370,2044-2063,2074-2093
MPI-ESM1-2-LR,r2i1p1f1,ssp585,2040-2059,2063-2082
MPI-ESM1-2-LR,r30i1p1f1,ssp370,2040-2059,2070-2089
MPI-ESM1-2-LR,r30i1p1f1,ssp585,2040-2059,2061-2080
MPI-ESM1-2-LR,r3i1p1f1,ssp370,2041-2060,2072-2091
MPI-ESM1-2-LR,r3i1p1f1,ssp585,2039-2058,2063-2082
MPI-ESM1-2-LR,r4i1p1f1,ssp370,2045-2064,2074-2093
MPI-ESM1-2-LR,r4i1p1f1,ssp585,2041-2060,2062-2081
MPI-ESM1-2-LR,r5i1p1f1,ssp370,2042-2061,2071-2090
MPI-ESM1-2-LR,r5i1p1f1,ssp585,2038-2057,2063-2082
MPI-ESM1-2-LR,r6i1p1f1,ssp370,2045-2064,2074-2093
MPI-ESM1-2-LR,r6i1p1f1,ssp585,2042-2061,2063-2082
MPI-ESM1-2-LR,r7i1p1f1,ssp370,2042-2061,2072-2091
MPI-ESM1-2-LR,r7i1p1f1,ssp585,2039-2058,2062-2081
MPI-ESM1-2-LR,r8i1p1f1,ssp370,2043-2062,2073-2092
MPI-ESM1-2-LR,r8i1p1f1,ssp585,2041-2060,2063-2082
MPI-ESM1-2-LR,r9i1p1f1,ssp370,2043-2062,2074-2093
MPI-ESM1-2-LR,r9i1p1f1,ssp585,2043-2062,2063-2082
MRI-ESM2-0,r1i1p1f1,ssp370,2033-2052,2060-2079
MRI-ESM2-0,r1i1p1f1,ssp585,2025-2044,2052-2071
MRI-ESM2-0,r2i1p1f1,ssp370,2035-2054,2063-2082
MRI-ESM2-0,r2i1p1f1,ssp585,2029-2048,2051-2070
MRI-ESM2-0,r3i1p1f1,ssp370,2035-2054,2065-2084
MRI-ESM2-0,r3i1p1f1,ssp585,2032-2051,2055-2074
MRI-ESM2-0,r4i1p1f1,ssp370,2033-2052,2065-2084
MRI-ESM2-0,r4i1p1f1,ssp585,2031-2050,2053-2072
MRI-ESM2-0,r5i1p1f1,ssp370,2038-2057,2068-2087
MRI-ESM2-0,r5i1p1f1,ssp585,2030-2049,2054-2073
NESM3,r1i1p1f1,ssp585,2024-2043,2044-2063
NESM3,r2i1p1f1,ssp585,2027-2046,2048-2067
NorESM2-LM,r1i1p1f1,ssp370,2050-2069,2078-2097
NorESM2-LM,r1i1p1f1,ssp585,2041-2060,2063-2082
TaiESM1,r1i1p1f1,ssp370,2027-2046,2046-2065
TaiESM1,r1i1p1f1,ssp585,2021-2040,2037-2056
UKESM1-0-LL,r10i1p1f2,ssp370,2021-2040,2039-2058
UKESM1-0-LL,r11i1p1f2,ssp370,2018-2037,2035-2054
UKESM1-0-LL,r12i1p1f2,ssp370,2019-2038,2036-2055
UKESM1-0-LL,r16i1p1f2,ssp370,2021-2040,2040-2059
UKESM1-0-LL,r19i1p1f2,ssp370,2022-2041,2039-2058
UKESM1-0-LL,r1i1p1f2,ssp245,2021-2040,2045-2064
UKESM1-0-LL,r1i1p1f2,ssp370,2019-2038,2038-2057
UKESM1-0-LL,r1i1p1f2,ssp585,2020-2039,2035-2054
UKESM1-0-LL,r2i1p1f2,ssp245,2017-2036,2036-2055
UKESM1-0-LL,r2i1p1f2,ssp370,2019-2038,2036-2055
UKESM1-0-LL,r2i1p1f2,ssp585,2018-2037,2033-2052
UKESM1-0-LL,r3i1p1f2,ssp245,2021-2040,2042-2061
UKESM1-0-LL,r3i1p1f2,ssp370,2021-2040,2039-2058
UKESM1-0-LL,r3i1p1f2,ssp585,2019-2038,2034-2053
UKESM1-0-LL,r4i1p1f2,ssp245,2022-2041,2042-2061
UKESM1-0-LL,r4i1p1f2,ssp370,2021-2040,2040-2059
